entity_id,label,type,degree,variants
LaO0.5F0.5BiS2,LaO0.5F0.5BiS2,Entity,320,[]
Tc0,Tc0,Entity,278,[]
Superconductivity,Superconductivity,Entity,212,[]
Bi4O4S3,Bi4O4S3,Entity,127,[]
LaO1-xFxBiS2,LaO1-xFxBiS2,Entity,94,[]
pressure,pressure,Entity,89,[]
F substitution,F substitution,Entity,82,[]
F concentration,F concentration,Entity,69,[]
resistivity,resistivity,Entity,69,[]
superconducting transition temperature,superconducting transition temperature,Entity,62,[]
superconducting layer,superconducting layer,Entity,61,[]
LaOBiS2,LaOBiS2,Entity,52,[]
electrical resistivity,electrical resistivity,Entity,47,[]
F-doping,F-doping,Entity,43,[]
c lattice constant,c lattice constant,Entity,42,[]
Sr0.5La0.5FBiS2,Sr0.5La0.5FBiS2,Entity,41,[]
LaOBiSSe,LaOBiSSe,Entity,39,[]
c axis,c axis,Entity,38,[]
superconducting transition,superconducting transition,Entity,36,[]
Seebeck coefficient,Seebeck coefficient,Entity,34,[]
"R(O,F)BiS2","R(O,F)BiS2",Entity,34,[]
chemical pressure,chemical pressure,Entity,32,[]
"La(O,F)BiSe2","La(O,F)BiSe2",Entity,31,[]
High pressure annealing,High pressure annealing,Entity,31,[]
High-pressure,High-pressure,Entity,31,[]
BiS2-based superconductors,BiS2-based superconductors,Entity,30,[]
superconductor,superconductor,Entity,29,[]
semiconducting behavior,semiconducting behavior,Entity,28,[]
NdO1-xFxBiS2,NdO1-xFxBiS2,Entity,28,[]
Fermi surface,Fermi surface,Entity,28,[]
ambient pressure,ambient pressure,Entity,26,[]
low temperature,low temperature,Entity,25,[]
Hydrostatic pressure,Hydrostatic pressure,Entity,25,[]
thermal conductivity,thermal conductivity,Entity,24,[]
high magnetic field,high magnetic field,Entity,24,[]
Hc2(0),Hc2(0),Entity,21,[]
RO1-aFaBiS2,RO1-aFaBiS2,Entity,21,[]
EuFBiS2,EuFBiS2,Entity,21,[]
Tconset,Tconset,Entity,21,[]
Eu0.5La0.5FBiS2-xSex,Eu0.5La0.5FBiS2-xSex,Entity,21,[]
SrFBiS2,SrFBiS2,Entity,21,[]
temperature,temperature,Entity,21,[]
PrO1-xFxBiS2,PrO1-xFxBiS2,Entity,21,[]
F content,F content,Entity,20,[]
lattice parameters,lattice parameters,Entity,19,[]
Sr1-xLaxFBiS2,Sr1-xLaxFBiS2,Entity,19,[]
Resistivity measurements,Resistivity measurements,Entity,19,[]
PrOBiS2,PrOBiS2,Entity,18,[]
superconducting anisotropy,superconducting anisotropy,Entity,18,[]
NdO0.5F0.5Bi(S1-xSex)2,NdO0.5F0.5Bi(S1-xSex)2,Entity,18,[]
CeOBiS2,CeOBiS2,Entity,18,[]
F-substituted LaOBiS2,F-substituted LaOBiS2,Entity,18,[]
metallic behavior,metallic behavior,Entity,18,[]
electron doping,electron doping,Entity,17,[]
power factor,power factor,Entity,17,[]
La2O2Bi3AgS6,La2O2Bi3AgS6,Entity,17,[]
Nd1-xCexOBiS2,Nd1-xCexOBiS2,Entity,17,[]
LaO0.5F0.5Bi1-xPbxS2,LaO0.5F0.5Bi1-xPbxS2,Entity,17,[]
LaOBiS2-xSex,LaOBiS2-xSex,Entity,16,[]
magnetization,magnetization,Entity,16,[]
LaOBiPbS3,LaOBiPbS3,Entity,16,[]
La2O2Bi2Pb2S6,La2O2Bi2Pb2S6,Entity,16,[]
a axis,a axis,Entity,16,[]
in-plane disorder,in-plane disorder,Entity,16,[]
powder X-ray diffraction,powder X-ray diffraction,Entity,15,[]
zero resistivity,zero resistivity,Entity,15,[]
T*,T*,Entity,15,[]
PrO0.3F0.7BiS2,PrO0.3F0.7BiS2,Entity,15,[]
uniaxial lattice contraction,uniaxial lattice contraction,Entity,15,[]
higher Tc phase,higher Tc phase,Entity,15,[]
high-pressure-annealed,high-pressure-annealed,Entity,15,[]
4 K,4 K,Entity,15,[]
ab-plane,ab-plane,Entity,15,[]
BiS2,BiS2,Entity,14,[]
γG,γG,Entity,14,[]
magnetization (MH) measurements,magnetization (MH) measurements,Entity,14,[]
CeOBiS2-xSex,CeOBiS2-xSex,Entity,14,[]
upper critical field,upper critical field,Entity,14,[]
Tc onset,Tc onset,Entity,14,[]
c,c,Entity,14,[]
Eu3Bi2S4F4,Eu3Bi2S4F4,Entity,14,[]
4.5 K,4.5 K,Entity,14,[]
5 K,5 K,Entity,13,[]
CeO1-xFxBiS2,CeO1-xFxBiS2,Entity,13,[]
Hc1,Hc1,Entity,13,[]
superconducting critical temperature,superconducting critical temperature,Entity,13,[]
temperature dependence,temperature dependence,Entity,13,[]
1.3 GPa,1.3 GPa,Entity,13,[]
space group P4/nmm,space group P4/nmm,Entity,13,[]
CeOBiS1.7Se0.3,CeOBiS1.7Se0.3,Entity,13,[]
Bi4O4S2,Bi4O4S2,Entity,13,[]
tetragonal structure,tetragonal structure,Entity,12,[]
x = 0.5,x = 0.5,Entity,12,[]
Metallic conductivity,Metallic conductivity,Entity,12,[]
"Ln(O, F)BiS2","Ln(O, F)BiS2",Entity,12,[]
shielding volume fraction,shielding volume fraction,Entity,12,[]
diamagnetic transition temperature,diamagnetic transition temperature,Entity,12,[]
mu0Hc2(0),mu0Hc2(0),Entity,12,[]
"Bi2(O,F)S2","Bi2(O,F)S2",Entity,12,[]
NdO0.71F0.29BiS2,NdO0.71F0.29BiS2,Entity,12,[]
pressure coefficient,pressure coefficient,Entity,12,[]
Ce1-xNdxO1-yFyBiS2,Ce1-xNdxO1-yFyBiS2,Entity,12,[]
x≥0.08,x≥0.08,Entity,12,[]
Bi3O2S3,Bi3O2S3,Entity,12,[]
Bi4-xAgxO4S3,Bi4-xAgxO4S3,Entity,12,[]
Magnetoresistance,Magnetoresistance,Entity,12,[]
a,a,Entity,11,[]
structural transition,structural transition,Entity,11,[]
doped,doped,Entity,11,[]
solid-state reaction,solid-state reaction,Entity,11,[]
tetragonal,tetragonal,Entity,11,[]
High-pressure synthesis,High-pressure synthesis,Entity,11,[]
CsCl/KCl flux,CsCl/KCl flux,Entity,11,[]
antiferromagnetism,antiferromagnetism,Entity,11,[]
x = 1.0,x = 1.0,Entity,11,[]
single crystals,single crystals,Entity,11,[]
Eu0.5Ce0.5FBiS2-xSex,Eu0.5Ce0.5FBiS2-xSex,Entity,10,[]
high-P phase,high-P phase,Entity,10,[]
0.8,0.8,Entity,10,[]
1.31 GPa,1.31 GPa,Entity,10,[]
BiCh2-based compound,BiCh2-based compound,Entity,10,[]
NdO0.63F0.37BiS2,NdO0.63F0.37BiS2,Entity,10,[]
anisotropy,anisotropy,Entity,10,[]
applied magnetic field,applied magnetic field,Entity,10,[]
electron-phonon coupling constant,electron-phonon coupling constant,Entity,10,[]
vacuum encapsulation,vacuum encapsulation,Entity,10,[]
P4/nmm,P4/nmm,Entity,10,[]
2 K,2 K,Entity,10,[]
"R(O,F)BiS2 (R: La, Ce, Pr, Nd) single crystals","R(O,F)BiS2 (R: La, Ce, Pr, Nd) single crystals",Entity,9,[]
anisotropy parameter,anisotropy parameter,Entity,9,[]
ionic radius,ionic radius,Entity,9,[]
Rietveld refinement,Rietveld refinement,Entity,9,[]
La1-xCexOBiSSe,La1-xCexOBiSSe,Entity,9,[]
Bi4O4S3-xSex,Bi4O4S3-xSex,Entity,9,[]
superconducting volume fraction,superconducting volume fraction,Entity,9,[]
0.13 K,0.13 K,Entity,9,[]
Nd0.8Ce0.2OBiS2,Nd0.8Ce0.2OBiS2,Entity,9,[]
metallic,metallic,Entity,9,[]
crystal structure,crystal structure,Entity,9,[]
Hall resistance,Hall resistance,Entity,8,[]
X-ray structural analysis,X-ray structural analysis,Entity,8,[]
x>0.10,x>0.10,Entity,8,[]
Fermi level,Fermi level,Entity,8,[]
doping level,doping level,Entity,8,[]
ZT,ZT,Entity,8,[]
Bi6O8S5,Bi6O8S5,Entity,8,[]
semiconducting,semiconducting,Entity,8,[]
increasing,increasing,Entity,8,[]
strain,strain,Entity,8,[]
Nd1-zSmzO1-yFyBiS2,Nd1-zSmzO1-yFyBiS2,Entity,8,[]
11.5 K,11.5 K,Entity,8,[]
250 K,250 K,Entity,8,[]
conduction band,conduction band,Entity,8,[]
Hall coefficients,Hall coefficients,Entity,8,[]
Sn substitution for the Ag site,Sn substitution for the Ag site,Entity,8,[]
Synchrotron X-ray diffraction,Synchrotron X-ray diffraction,Entity,8,[]
"(Sr, La)FBiS2","(Sr, La)FBiS2",Entity,8,[]
x = 0.0 and 0.5,x = 0.0 and 0.5,Entity,8,[]
0.6,0.6,Entity,8,[]
3.5 K,3.5 K,Entity,8,[]
4.8 K,4.8 K,Entity,8,[]
RE ionic radius,RE ionic radius,Entity,8,[]
"LaO0.6F0.4Bi(S,Se)2","LaO0.6F0.4Bi(S,Se)2",Entity,8,[]
superconductivity,superconductivity,Entity,8,[]
specific heat measurements,specific heat measurements,Entity,8,[]
La,La,Entity,8,[]
normal state,normal state,Entity,7,[]
lock-in state,lock-in state,Entity,7,[]
3.8 K,3.8 K,Entity,7,[]
CDW wavevector,CDW wavevector,Entity,7,[]
x,x,Entity,7,[]
polytypes,polytypes,Entity,7,[]
phase transition,phase transition,Entity,7,[]
flux flow activation energies,flux flow activation energies,Entity,7,[]
0.5 K,0.5 K,Entity,7,[]
magnetic penetration depth,magnetic penetration depth,Entity,7,[]
band insulator,band insulator,Entity,7,[]
superconducting impurities,superconducting impurities,Entity,7,[]
x=0.5,x=0.5,Entity,7,[]
conventional solid-state reaction,conventional solid-state reaction,Entity,7,[]
tetragonal P4/nmm,tetragonal P4/nmm,Entity,7,[]
electronic states,electronic states,Entity,7,[]
SmO1-xFxBiS2,SmO1-xFxBiS2,Entity,7,[]
critical pressure,critical pressure,Entity,7,[]
lattice shrinkage,lattice shrinkage,Entity,7,[]
Pr valence,Pr valence,Entity,7,[]
La2O2Bi3Ag0.6Sn0.4S6,La2O2Bi3Ag0.6Sn0.4S6,Entity,7,[]
applied pressure,applied pressure,Entity,7,[]
CSe,CSe,Entity,7,[]
hystereses,hystereses,Entity,7,[]
0.5,0.5,Entity,7,[]
effective mass model,effective mass model,Entity,7,[]
1.68GPa,1.68GPa,Entity,7,[]
2.44 GPa,2.44 GPa,Entity,7,[]
DC magnetic susceptibility,DC magnetic susceptibility,Entity,7,[]
RH,RH,Entity,6,[]
KCl flux,KCl flux,Entity,6,[]
Weak antilocalization,Weak antilocalization,Entity,6,[]
4.02 K,4.02 K,Entity,6,[]
multiband feature,multiband feature,Entity,6,[]
La0.80Ti0.20OBiS_2,La0.80Ti0.20OBiS_2,Entity,6,[]
semiconductor-like behavior,semiconductor-like behavior,Entity,6,[]
size,size,Entity,6,[]
La2O2Bi3Ag1-xSnxS6,La2O2Bi3Ag1-xSnxS6,Entity,6,[]
x > 0.3,x > 0.3,Entity,6,[]
normal-state anisotropies,normal-state anisotropies,Entity,6,[]
La0.85Th0.15OBiS_2,La0.85Th0.15OBiS_2,Entity,6,[]
20,20,Entity,6,[]
Bi-S bond lengths,Bi-S bond lengths,Entity,6,[]
DSmix,DSmix,Entity,6,[]
a-axis length,a-axis length,Entity,6,[]
3.7K,3.7K,Entity,6,[]
magnetic moment,magnetic moment,Entity,6,[]
chalcogenides,chalcogenides,Entity,6,[]
La1-ySmyO0.5F0.5BiS2,La1-ySmyO0.5F0.5BiS2,Entity,6,[]
semiconducting characteristics,semiconducting characteristics,Entity,6,[]
low-P phase,low-P phase,Entity,6,[]
magnetic susceptibility measurements,magnetic susceptibility measurements,Entity,6,[]
irreversible behavior,irreversible behavior,Entity,6,[]
flux pinning,flux pinning,Entity,6,[]
dispersive branch,dispersive branch,Entity,6,[]
temperature-dependent hump,temperature-dependent hump,Entity,6,[]
trivalent,trivalent,Entity,6,[]
2.0 K,2.0 K,Entity,6,[]
atomic displacement parameters,atomic displacement parameters,Entity,6,[]
(004) peak,(004) peak,Entity,6,[]
monoclinic,monoclinic,Entity,6,[]
Hc2(T),Hc2(T),Entity,6,[]
n,n,Entity,6,[]
superfluid density,superfluid density,Entity,6,[]
uniaxial strain,uniaxial strain,Entity,6,[]
ARPES,ARPES,Entity,6,[]
lower pressures,lower pressures,Entity,6,[]
atmospheric pressure,atmospheric pressure,Entity,6,[]
"x = 0, 0.03, 0.09 and 0.15","x = 0, 0.03, 0.09 and 0.15",Entity,6,[]
2K,2K,Entity,6,[]
HEA-type site,HEA-type site,Entity,6,[]
Se doped,Se doped,Entity,6,[]
Hc2,Hc2,Entity,6,[]
MR,MR,Entity,6,[]
Nd,Nd,Entity,6,[]
rho(T),rho(T),Entity,6,[]
Uiso,Uiso,Entity,6,[]
polycrystalline,polycrystalline,Entity,6,[]
magnetic order,magnetic order,Entity,6,[]
Bi-Ch1 plane,Bi-Ch1 plane,Entity,6,[]
2.5GPa,2.5GPa,Entity,6,[]
k,k,Entity,6,[]
orientation,orientation,Entity,6,[]
one dimensional nature,one dimensional nature,Entity,6,[]
upper critical fields,upper critical fields,Entity,6,[]
carrier concentration,carrier concentration,Entity,6,[]
3.3 K,3.3 K,Entity,6,[]
470 deg. C,470 deg. C,Entity,6,[]
superconducting shielding fraction,superconducting shielding fraction,Entity,6,[]
c/a ratio,c/a ratio,Entity,5,[]
y = 0.3,y = 0.3,Entity,5,[]
2.7K,2.7K,Entity,5,[]
thermal activation energy,thermal activation energy,Entity,5,[]
REO1-yFyBiS2,REO1-yFyBiS2,Entity,5,[]
CsCl flux method,CsCl flux method,Entity,5,[]
superconducting BiS2 layers,superconducting BiS2 layers,Entity,5,[]
ferromagnetic signal,ferromagnetic signal,Entity,5,[]
x ≥ 0.6,x ≥ 0.6,Entity,5,[]
sulfur is replaced with selenium,sulfur is replaced with selenium,Entity,5,[]
metallic conductivity,metallic conductivity,Entity,5,[]
inter-pocket nesting,inter-pocket nesting,Entity,5,[]
bis2 families,bis2 families,Entity,5,[]
hole-pockets,hole-pockets,Entity,5,[]
gap features,gap features,Entity,5,[]
atomic displacement,atomic displacement,Entity,5,[]
"x = 0.6, 0.8, and 1","x = 0.6, 0.8, and 1",Entity,5,[]
c-axis transport measurements,c-axis transport measurements,Entity,5,[]
"RE: La, Ce, Pr, Nd, and Sm","RE: La, Ce, Pr, Nd, and Sm",Entity,5,[]
7.5 K,7.5 K,Entity,5,[]
2.1 eV,2.1 eV,Entity,5,[]
"Ce(O,F)BiS2","Ce(O,F)BiS2",Entity,5,[]
atomic vibrations,atomic vibrations,Entity,5,[]
NaCl-type chalcogenides,NaCl-type chalcogenides,Entity,5,[]
two-orbital model,two-orbital model,Entity,5,[]
HC2min,HC2min,Entity,5,[]
HC2max,HC2max,Entity,5,[]
Tc zero,Tc zero,Entity,5,[]
multi-gap superconductivity,multi-gap superconductivity,Entity,5,[]
electron carriers,electron carriers,Entity,5,[]
Hydrostatic pressure application,Hydrostatic pressure application,Entity,5,[]
HC2mid,HC2mid,Entity,5,[]
tetragonal-monoclinic transition,tetragonal-monoclinic transition,Entity,5,[]
plasma frequency,plasma frequency,Entity,5,[]
One-dimensional three-orbital model,One-dimensional three-orbital model,Entity,5,[]
superconducting Tc,superconducting Tc,Entity,5,[]
first-order structural phase transition,first-order structural phase transition,Entity,5,[]
carrier localization,carrier localization,Entity,5,[]
2.3 K,2.3 K,Entity,5,[]
low-energy spectrum,low-energy spectrum,Entity,5,[]
Tc (ρ = 0),Tc (ρ = 0),Entity,5,[]
lattice constants a and c,lattice constants a and c,Entity,5,[]
increase,increase,Entity,5,[]
BiCh2,BiCh2,Entity,5,[]
two-dimensionality,two-dimensionality,Entity,5,[]
metallic to semi-metallic state,metallic to semi-metallic state,Entity,5,[]
superconducting performance,superconducting performance,Entity,5,[]
type II-superconductor,type II-superconductor,Entity,5,[]
temperature range of 200 ~ 400°C,temperature range of 200 ~ 400°C,Entity,5,[]
ab initio calculations,ab initio calculations,Entity,5,[]
resistive broadening,resistive broadening,Entity,5,[]
x = 0.2-0.6,x = 0.2-0.6,Entity,5,[]
charge-density-wave (CDW),charge-density-wave (CDW),Entity,5,[]
x ≤ 0.2,x ≤ 0.2,Entity,5,[]
metallic characteristics,metallic characteristics,Entity,5,[]
DOS,DOS,Entity,5,[]
metal-insulator transition,metal-insulator transition,Entity,5,[]
specific heat anomalies,specific heat anomalies,Entity,5,[]
1.0,1.0,Entity,5,[]
Optical spectroscopy,Optical spectroscopy,Entity,5,[]
y = 0.5,y = 0.5,Entity,5,[]
0.3,0.3,Entity,5,[]
Hall effect,Hall effect,Entity,5,[]
low-Tc phase,low-Tc phase,Entity,5,[]
plate-like shape,plate-like shape,Entity,5,[]
weak insulating behavior,weak insulating behavior,Entity,4,[]
gapped feature,gapped feature,Entity,4,[]
Gamma,Gamma,Entity,4,[]
valence fluctuation,valence fluctuation,Entity,4,[]
0.17,0.17,Entity,4,[]
HP,HP,Entity,4,[]
superconducting-superconducting transition,superconducting-superconducting transition,Entity,4,[]
Neutron diffraction,Neutron diffraction,Entity,4,[]
Pc,Pc,Entity,4,[]
"x=0.1, 0.3, 0.5, 0.7 and 0.9","x=0.1, 0.3, 0.5, 0.7 and 0.9",Entity,4,[]
superconductivity enhancement,superconductivity enhancement,Entity,4,[]
Ce ions,Ce ions,Entity,4,[]
XeF2,XeF2,Entity,4,[]
2 GPa,2 GPa,Entity,4,[]
Fe,Fe,Entity,4,[]
Schottky-type anomaly,Schottky-type anomaly,Entity,4,[]
~6K,~6K,Entity,4,[]
4K,4K,Entity,4,[]
400°C,400°C,Entity,4,[]
metal site,metal site,Entity,4,[]
monoclinic structure,monoclinic structure,Entity,4,[]
180 K,180 K,Entity,4,[]
superconducting phase diagram,superconducting phase diagram,Entity,4,[]
REO0.5F0.5BiS2-type series,REO0.5F0.5BiS2-type series,Entity,4,[]
Increasing,Increasing,Entity,4,[]
insulator,insulator,Entity,4,[]
NaCl-type BiS2 layer,NaCl-type BiS2 layer,Entity,4,[]
increasing pressure,increasing pressure,Entity,4,[]
semiconductor,semiconductor,Entity,4,[]
T *≈180 K,T *≈180 K,Entity,4,[]
tetragonal I4/mmm space group,tetragonal I4/mmm space group,Entity,4,[]
Electric transport measurement,Electric transport measurement,Entity,4,[]
transport,transport,Entity,4,[]
2T (Tesla),2T (Tesla),Entity,4,[]
Pr1.05O0.82F0.18Bi1.03S2.00,Pr1.05O0.82F0.18Bi1.03S2.00,Entity,4,[]
asymmetrical phonon mode,asymmetrical phonon mode,Entity,4,[]
temperature range,temperature range,Entity,4,[]
6.7 K,6.7 K,Entity,4,[]
superconducting properties,superconducting properties,Entity,4,[]
Fermi surface nesting,Fermi surface nesting,Entity,4,[]
Se-substituted,Se-substituted,Entity,4,[]
monoclinic phase,monoclinic phase,Entity,4,[]
thermal expansion,thermal expansion,Entity,4,[]
0-1.97 GPa,0-1.97 GPa,Entity,4,[]
3.6 K,3.6 K,Entity,4,[]
4.5K,4.5K,Entity,4,[]
screened plasma edge,screened plasma edge,Entity,4,[]
corrugated Bi-Se layer,corrugated Bi-Se layer,Entity,4,[]
2.16 GPa,2.16 GPa,Entity,4,[]
superconducting anisotropic parameter,superconducting anisotropic parameter,Entity,4,[]
one-dimensional vibration,one-dimensional vibration,Entity,4,[]
3 GPa,3 GPa,Entity,4,[]
~1 GPa,~1 GPa,Entity,4,[]
10,10,Entity,4,[]
inhomogeneity,inhomogeneity,Entity,4,[]
5000C,5000C,Entity,4,[]
tetragonal square plane,tetragonal square plane,Entity,4,[]
RE,RE,Entity,4,[]
5.5 K,5.5 K,Entity,4,[]
insulating,insulating,Entity,4,[]
two-fold symmetry,two-fold symmetry,Entity,4,[]
9.3,9.3,Entity,4,[]
conduction bands,conduction bands,Entity,4,[]
0.2,0.2,Entity,4,[]
Eu(1),Eu(1),Entity,4,[]
8.6 K,8.6 K,Entity,4,[]
tunneling spectra,tunneling spectra,Entity,4,[]
anisotropy parameter of upper critical fields,anisotropy parameter of upper critical fields,Entity,4,[]
NdO0.5F0.5Bi1-ySbyS2,NdO0.5F0.5Bi1-ySbyS2,Entity,4,[]
uniaxial lattice expansion,uniaxial lattice expansion,Entity,4,[]
normal conducting state,normal conducting state,Entity,4,[]
fluorine substitution,fluorine substitution,Entity,4,[]
first-principles calculations,first-principles calculations,Entity,4,[]
absence of correlation effects,absence of correlation effects,Entity,4,[]
diamagnetic signal,diamagnetic signal,Entity,4,[]
c-axis direction,c-axis direction,Entity,4,[]
300 K,300 K,Entity,4,[]
3 meV,3 meV,Entity,4,[]
crossover from metallic to insulating behavior,crossover from metallic to insulating behavior,Entity,4,[]
2.5K,2.5K,Entity,4,[]
650 K,650 K,Entity,4,[]
Changing spacer oxide,Changing spacer oxide,Entity,4,[]
critical current density,critical current density,Entity,4,[]
2.7 K,2.7 K,Entity,4,[]
Eu(2),Eu(2),Entity,4,[]
XRD,XRD,Entity,4,[]
divalent valence state,divalent valence state,Entity,4,[]
anomalous Eu valence state,anomalous Eu valence state,Entity,4,[]
electron densities,electron densities,Entity,4,[]
80%,80%,Entity,4,[]
Thermoelectric effects,Thermoelectric effects,Entity,4,[]
U0,U0,Entity,4,[]
0.05 Tesla,0.05 Tesla,Entity,4,[]
electron charge carriers,electron charge carriers,Entity,4,[]
LaOBiS1.2Se0.8,LaOBiS1.2Se0.8,Entity,4,[]
Temperature decrease to 100 K,Temperature decrease to 100 K,Entity,4,[]
NdOBiS2,NdOBiS2,Entity,4,[]
10 K,10 K,Entity,4,[]
CDW satellites,CDW satellites,Entity,4,[]
bending,bending,Entity,4,[]
Bi2-S2-Bi2 bond,Bi2-S2-Bi2 bond,Entity,4,[]
Annealing,Annealing,Entity,4,[]
0.09(4) meV,0.09(4) meV,Entity,4,[]
1.75 GPa,1.75 GPa,Entity,4,[]
dxy symmetry,dxy symmetry,Entity,4,[]
dilute fermi sea,dilute fermi sea,Entity,4,[]
0.93(3) meV,0.93(3) meV,Entity,4,[]
zero-temperature values,zero-temperature values,Entity,4,[]
superconducting ground state,superconducting ground state,Entity,4,[]
480 ºC,480 ºC,Entity,4,[]
3.5+-0.3 meV,3.5+-0.3 meV,Entity,4,[]
High pressure resistivity measurement,High pressure resistivity measurement,Entity,4,[]
5.1 K,5.1 K,Entity,4,[]
smaller gap,smaller gap,Entity,4,[]
H // ab,H // ab,Entity,4,[]
S,S,Entity,4,[]
large,large,Entity,4,[]
less than 20 at%,less than 20 at%,Entity,4,[]
high,high,Entity,4,[]
CDW,CDW,Entity,4,[]
two-fold symmetric in-plane anisotropy,two-fold symmetric in-plane anisotropy,Entity,4,[]
WAL,WAL,Entity,4,[]
pressures exceeding 1.68GPa,pressures exceeding 1.68GPa,Entity,4,[]
13-21,13-21,Entity,4,[]
BiS2 layers,BiS2 layers,Entity,4,[]
not strong,not strong,Entity,4,[]
Electrical resistivity measurements,Electrical resistivity measurements,Entity,4,[]
\laofh,\laofh,Entity,4,[]
suppression,suppression,Entity,4,[]
specific heat,specific heat,Entity,4,[]
anomalies,anomalies,Entity,3,[]
Bi-SSe pyramid,Bi-SSe pyramid,Entity,3,[]
mixed valence,mixed valence,Entity,3,[]
layered bismuth-chalcogenides,layered bismuth-chalcogenides,Entity,3,[]
structural phase boundary,structural phase boundary,Entity,3,[]
increasing magnetic field,increasing magnetic field,Entity,3,[]
"R(T, H)","R(T, H)",Entity,3,[]
Ginzburg-Landau coherence length,Ginzburg-Landau coherence length,Entity,3,[]
2Δ/(kB*Tc),2Δ/(kB*Tc),Entity,3,[]
T λ,T λ,Entity,3,[]
λ Δ,λ Δ,Entity,3,[]
1 T,1 T,Entity,3,[]
Δ0,Δ0,Entity,3,[]
2Δ0/kBTc,2Δ0/kBTc,Entity,3,[]
anharmonicity,anharmonicity,Entity,3,[]
jump,jump,Entity,3,[]
ΔC_e/γT_c,ΔC_e/γT_c,Entity,3,[]
2Δ(0)/k_B T_c,2Δ(0)/k_B T_c,Entity,3,[]
H=10 Oe,H=10 Oe,Entity,3,[]
Se-substituted LaO1-xFxBiS2-ySey,Se-substituted LaO1-xFxBiS2-ySey,Entity,3,[]
high-temperature region,high-temperature region,Entity,3,[]
Se-poor LaO1-xFxBiS2-ySey,Se-poor LaO1-xFxBiS2-ySey,Entity,3,[]
aging effects,aging effects,Entity,3,[]
HEA-type REO0.5F0.5BiS2,HEA-type REO0.5F0.5BiS2,Entity,3,[]
Coulomb forces,Coulomb forces,Entity,3,[]
V,V,Entity,3,[]
t',t',Entity,3,[]
maximum value of Tc,maximum value of Tc,Entity,3,[]
hysteretic suppression,hysteretic suppression,Entity,3,[]
transition pressure,transition pressure,Entity,3,[]
low Tc superconducting phase,low Tc superconducting phase,Entity,3,[]
anisotropies,anisotropies,Entity,3,[]
in-plane distortion,in-plane distortion,Entity,3,[]
electron correlation effect,electron correlation effect,Entity,3,[]
Electron-phonon coupling,Electron-phonon coupling,Entity,3,[]
Bi-S distortion,Bi-S distortion,Entity,3,[]
energy difference between the polytypes,energy difference between the polytypes,Entity,3,[]
κ,κ,Entity,3,[]
buckling of the Bi-Ch1 plane,buckling of the Bi-Ch1 plane,Entity,3,[]
thermoelectric power factor,thermoelectric power factor,Entity,3,[]
Ch1 site,Ch1 site,Entity,3,[]
ξGL(0),ξGL(0),Entity,3,[]
T^2 dependence,T^2 dependence,Entity,3,[]
700 ºC,700 ºC,Entity,3,[]
4.6 K,4.6 K,Entity,3,[]
4.7 K,4.7 K,Entity,3,[]
vortex liquid normal state,vortex liquid normal state,Entity,3,[]
Wigner crystal of Cooper pairs,Wigner crystal of Cooper pairs,Entity,3,[]
quantum melts,quantum melts,Entity,3,[]
κ/T,κ/T,Entity,3,[]
two s-wave type energy gaps,two s-wave type energy gaps,Entity,3,[]
2Δ_s/kBTc,2Δ_s/kBTc,Entity,3,[]
metallic to semiconducting crossover,metallic to semiconducting crossover,Entity,3,[]
resistive and magnetic measurements,resistive and magnetic measurements,Entity,3,[]
superconducting fluctuations,superconducting fluctuations,Entity,3,[]
one-dimensional character,one-dimensional character,Entity,3,[]
magnitude of the hoppings,magnitude of the hoppings,Entity,3,[]
weakly oriented,weakly oriented,Entity,3,[]
0.46 and 1.0,0.46 and 1.0,Entity,3,[]
Two-orbital model for BiS2-based superconductors,Two-orbital model for BiS2-based superconductors,Entity,3,[]
p orbitals,p orbitals,Entity,3,[]
spin susceptibility,spin susceptibility,Entity,3,[]
1112 systems,1112 systems,Entity,3,[]
x = 0.8,x = 0.8,Entity,3,[]
enhanced metallicity,enhanced metallicity,Entity,3,[]
semiconducting-like normal state,semiconducting-like normal state,Entity,3,[]
Bi-S1 distance,Bi-S1 distance,Entity,3,[]
in-plane Bi-S1 bond,in-plane Bi-S1 bond,Entity,3,[]
in-plane chemical pressure,in-plane chemical pressure,Entity,3,[]
Bi vibration,Bi vibration,Entity,3,[]
3 K,3 K,Entity,3,[]
5.6 K,5.6 K,Entity,3,[]
Eg,Eg,Entity,3,[]
metallic to a semiconducting state,metallic to a semiconducting state,Entity,3,[]
Tmin,Tmin,Entity,3,[]
unit cell volume,unit cell volume,Entity,3,[]
c-parameter,c-parameter,Entity,3,[]
enhancement,enhancement,Entity,3,[]
current-voltage curve,current-voltage curve,Entity,3,[]
γs,γs,Entity,3,[]
weak coupling,weak coupling,Entity,3,[]
zero,zero,Entity,3,[]
La(O0.54F0.46)(Bi0.92Cd0.08)S2,La(O0.54F0.46)(Bi0.92Cd0.08)S2,Entity,3,[]
electronic structure,electronic structure,Entity,3,[]
band metal,band metal,Entity,3,[]
LaO(F) redox layer,LaO(F) redox layer,Entity,3,[]
p-orbital states,p-orbital states,Entity,3,[]
electron transformation,electron transformation,Entity,3,[]
polarization,polarization,Entity,3,[]
one-dimensional charge density wave (CDW),one-dimensional charge density wave (CDW),Entity,3,[]
soft phonons,soft phonons,Entity,3,[]
ground state structure,ground state structure,Entity,3,[]
Fermi Surface,Fermi Surface,Entity,3,[]
electronic interactions (RPA),electronic interactions (RPA),Entity,3,[]
Fermi Surface segments,Fermi Surface segments,Entity,3,[]
pairing properties,pairing properties,Entity,3,[]
spin fluctuations,spin fluctuations,Entity,3,[]
A1g,A1g,Entity,3,[]
B2g,B2g,Entity,3,[]
pairing strengths,pairing strengths,Entity,3,[]
76Se,76Se,Entity,3,[]
type II,type II,Entity,3,[]
8Oe,8Oe,Entity,3,[]
Isothermal magnetization (MH),Isothermal magnetization (MH),Entity,3,[]
dome-shaped dependence,dome-shaped dependence,Entity,3,[]
x dependence,x dependence,Entity,3,[]
physical properties,physical properties,Entity,3,[]
intercalations/deintercalations,intercalations/deintercalations,Entity,3,[]
substituting 50 at.% Ce for Eu,substituting 50 at.% Ce for Eu,Entity,3,[]
valence of Eu ions,valence of Eu ions,Entity,3,[]
mean valence,mean valence,Entity,3,[]
x = 0.1,x = 0.1,Entity,3,[]
metallic transport,metallic transport,Entity,3,[]
Bi2OS2,Bi2OS2,Entity,3,[]
topotactic fluorination,topotactic fluorination,Entity,3,[]
Tc (R =0),Tc (R =0),Entity,3,[]
x=0.1-0.9,x=0.1-0.9,Entity,3,[]
broad hump,broad hump,Entity,3,[]
0.16,0.16,Entity,3,[]
800°C,800°C,Entity,3,[]
12 hours,12 hours,Entity,3,[]
specific heat experiments,specific heat experiments,Entity,3,[]
4.4 K,4.4 K,Entity,3,[]
Fermi surface instability,Fermi surface instability,Entity,3,[]
solid-state route,solid-state route,Entity,3,[]
Thermal transport measurement,Thermal transport measurement,Entity,3,[]
First principle calculations,First principle calculations,Entity,3,[]
(LaOBiS2)(PbS) system,(LaOBiS2)(PbS) system,Entity,3,[]
S bands,S bands,Entity,3,[]
Bi bands,Bi bands,Entity,3,[]
Fermi energy,Fermi energy,Entity,3,[]
site selectivity of Bi and Pb,site selectivity of Bi and Pb,Entity,3,[]
80Se,80Se,Entity,3,[]
Pairing,Pairing,Entity,3,[]
REO1-xFxBiCh2,REO1-xFxBiCh2,Entity,3,[]
resistivity anomaly,resistivity anomaly,Entity,3,[]
Pressure above 1.3 GPa,Pressure above 1.3 GPa,Entity,3,[]
metallic phase,metallic phase,Entity,3,[]
in-plane Bi-S1 distance,in-plane Bi-S1 distance,Entity,3,[]
RE3+,RE3+,Entity,3,[]
local disorder,local disorder,Entity,3,[]
insulating transport properties,insulating transport properties,Entity,3,[]
concentration of mobile carriers,concentration of mobile carriers,Entity,3,[]
measurement temperatures,measurement temperatures,Entity,3,[]
"x = 0.2, 0.3, 0.4, and 0.5","x = 0.2, 0.3, 0.4, and 0.5",Entity,3,[]
"Sb- and Se-substituted CeOBiS2 [CeO(Bi, Sb)(S, Se)2]","Sb- and Se-substituted CeOBiS2 [CeO(Bi, Sb)(S, Se)2]",Entity,3,[]
CSb,CSb,Entity,3,[]
"CeO(Bi, Sb)(S, Se)2","CeO(Bi, Sb)(S, Se)2",Entity,3,[]
"ρ(T,H)","ρ(T,H)",Entity,3,[]
shift to higher angles,shift to higher angles,Entity,3,[]
bond angles,bond angles,Entity,3,[]
100 cm-1,100 cm-1,Entity,3,[]
magnetic field parallel to the ab-plane,magnetic field parallel to the ab-plane,Entity,3,[]
pressure-induced superconductivity,pressure-induced superconductivity,Entity,3,[]
pressure > 0.7 GPa,pressure > 0.7 GPa,Entity,3,[]
CaF2-type,CaF2-type,Entity,3,[]
electron charge carrier concentration,electron charge carrier concentration,Entity,3,[]
broadening of the diffraction peak,broadening of the diffraction peak,Entity,3,[]
in-plane size,in-plane size,Entity,3,[]
peak broadening,peak broadening,Entity,3,[]
1.2 K,1.2 K,Entity,3,[]
tetravalent Pr,tetravalent Pr,Entity,3,[]
Ce content x,Ce content x,Entity,3,[]
mixed valency,mixed valency,Entity,3,[]
chi(T),chi(T),Entity,3,[]
ab- and c-planes,ab- and c-planes,Entity,3,[]
P-dependent structural data,P-dependent structural data,Entity,3,[]
F/(O + F) molar ratio,F/(O + F) molar ratio,Entity,3,[]
bulk superconducting phases,bulk superconducting phases,Entity,3,[]
high-P,high-P,Entity,3,[]
in-plane symmetry breaking,in-plane symmetry breaking,Entity,3,[]
x = 0-1.0,x = 0-1.0,Entity,3,[]
x = 0,x = 0,Entity,3,[]
Structural symmetry change,Structural symmetry change,Entity,3,[]
aS,aS,Entity,3,[]
isotope shifts,isotope shifts,Entity,3,[]
isotope effects,isotope effects,Entity,3,[]
Bc2,Bc2,Entity,3,[]
γ,γ,Entity,3,[]
cylinders,cylinders,Entity,3,[]
carrier doping concentration,carrier doping concentration,Entity,3,[]
electrical conductivity,electrical conductivity,Entity,3,[]
BiS2 conducting layers,BiS2 conducting layers,Entity,3,[]
semimetal,semimetal,Entity,3,[]
low annealing temperature,low annealing temperature,Entity,3,[]
H // c,H // c,Entity,3,[]
anisotropy of superconducting states,anisotropy of superconducting states,Entity,3,[]
high-pressure-synthesized,high-pressure-synthesized,Entity,3,[]
10 times larger,10 times larger,Entity,3,[]
peak symmetry,peak symmetry,Entity,3,[]
interband transitions,interband transitions,Entity,3,[]
CDW instability,CDW instability,Entity,3,[]
F-substituted NdOBiS<sub>2</sub>,F-substituted NdOBiS<sub>2</sub>,Entity,3,[]
metallic response,metallic response,Entity,3,[]
Jc,Jc,Entity,3,[]
solid solution limit,solid solution limit,Entity,3,[]
F substitution at O-site,F substitution at O-site,Entity,3,[]
90percent,90percent,Entity,3,[]
BZ,BZ,Entity,3,[]
residual resistivity value,residual resistivity value,Entity,3,[]
electron-like sheets,electron-like sheets,Entity,3,[]
volume of the Fermi surface,volume of the Fermi surface,Entity,3,[]
band occupancy,band occupancy,Entity,3,[]
shape,shape,Entity,3,[]
x ~ 0.4,x ~ 0.4,Entity,3,[]
unconventional isotope effects,unconventional isotope effects,Entity,3,[]
bulk modulus,bulk modulus,Entity,3,[]
Grüneisen parameter (γG),Grüneisen parameter (γG),Entity,3,[]
lattice anharmonicity,lattice anharmonicity,Entity,3,[]
Se-poor,Se-poor,Entity,3,[]
WAL behavior,WAL behavior,Entity,3,[]
moderately F-doped,moderately F-doped,Entity,3,[]
Se-free,Se-free,Entity,3,[]
magnetoconductance (MC) behavior,magnetoconductance (MC) behavior,Entity,3,[]
ρab (T),ρab (T),Entity,3,[]
TrZr2,TrZr2,Entity,3,[]
REBa2Cu3O7-d cuprates,REBa2Cu3O7-d cuprates,Entity,3,[]
High-entropy alloying,High-entropy alloying,Entity,3,[]
Thermal diffuse scattering,Thermal diffuse scattering,Entity,3,[]
energy gap,energy gap,Entity,3,[]
room temperature resistivity,room temperature resistivity,Entity,3,[]
physical pressure,physical pressure,Entity,3,[]
mean free path,mean free path,Entity,3,[]
clear diamagnetic susceptibility,clear diamagnetic susceptibility,Entity,3,[]
SC gaps,SC gaps,Entity,3,[]
light bands,light bands,Entity,3,[]
disconnected Fermi surfaces,disconnected Fermi surfaces,Entity,3,[]
High-pressure strain,High-pressure strain,Entity,3,[]
upper critical magnetic field,upper critical magnetic field,Entity,2,[]
degradation,degradation,Entity,2,[]
aging,aging,Entity,2,[]
10-years-old,10-years-old,Entity,2,[]
pressure range,pressure range,Entity,2,[]
RE-site configurational entropy,RE-site configurational entropy,Entity,2,[]
low-temperature regions,low-temperature regions,Entity,2,[]
10 Oe,10 Oe,Entity,2,[]
Hall effect measurements,Hall effect measurements,Entity,2,[]
low field region,low field region,Entity,2,[]
Cooper pairs,Cooper pairs,Entity,2,[]
decreasing temperature,decreasing temperature,Entity,2,[]
2.8 K,2.8 K,Entity,2,[]
1.04 Tesla,1.04 Tesla,Entity,2,[]
2.31,2.31,Entity,2,[]
strong electron-phonon coupling superconductivity,strong electron-phonon coupling superconductivity,Entity,2,[]
"C_e(T, H)","C_e(T, H)",Entity,2,[]
H,H,Entity,2,[]
µSR measurements,µSR measurements,Entity,2,[]
fully gapped,fully gapped,Entity,2,[]
d-wave symmetry,d-wave symmetry,Entity,2,[]
dx2-y2 symmetry,dx2-y2 symmetry,Entity,2,[]
s± symmetry,s± symmetry,Entity,2,[]
10 nm,10 nm,Entity,2,[]
coherence length,coherence length,Entity,2,[]
transverse atomic displacements,transverse atomic displacements,Entity,2,[]
phonon softening,phonon softening,Entity,2,[]
unconventional pairing mechanism,unconventional pairing mechanism,Entity,2,[]
tetragonal (CuAl2-type),tetragonal (CuAl2-type),Entity,2,[]
x and y,x and y,Entity,2,[]
greater than 0.4,greater than 0.4,Entity,2,[]
large γG,large γG,Entity,2,[]
anharmonic vibration of Bi along the c-axis,anharmonic vibration of Bi along the c-axis,Entity,2,[]
13.69 meV,13.69 meV,Entity,2,[]
200 Oe,200 Oe,Entity,2,[]
S site Se substitution,S site Se substitution,Entity,2,[]
nominal F contents,nominal F contents,Entity,2,[]
"Sm(O,F)BiS2 single crystals","Sm(O,F)BiS2 single crystals",Entity,2,[]
Sm,Sm,Entity,2,[]
trivalent electronic configuration,trivalent electronic configuration,Entity,2,[]
"(0.17, 0.17, 0.5)","(0.17, 0.17, 0.5)",Entity,2,[]
1.35mΩ-cm,1.35mΩ-cm,Entity,2,[]
20kOe,20kOe,Entity,2,[]
WHH formula,WHH formula,Entity,2,[]
onset Tc above 5K,onset Tc above 5K,Entity,2,[]
temperature measurements,temperature measurements,Entity,2,[]
Bi4O4S2.97Se0.03,Bi4O4S2.97Se0.03,Entity,2,[]
Bi4O4S2.85Se0.15,Bi4O4S2.85Se0.15,Entity,2,[]
18.60 meV,18.60 meV,Entity,2,[]
in-plane anisotropy of magnetoresistance,in-plane anisotropy of magnetoresistance,Entity,2,[]
x=0.2,x=0.2,Entity,2,[]
BZ lateral sides,BZ lateral sides,Entity,2,[]
x=0.3,x=0.3,Entity,2,[]
X-R,X-R,Entity,2,[]
a= 4.15(1)Å,a= 4.15(1)Å,Entity,2,[]
c=14.02(2)Å,c=14.02(2)Å,Entity,2,[]
40Oe,40Oe,Entity,2,[]
x ≥ 0.3,x ≥ 0.3,Entity,2,[]
20-58,20-58,Entity,2,[]
y = 0.05-0.28,y = 0.05-0.28,Entity,2,[]
0.05-0.28,0.05-0.28,Entity,2,[]
21.1,21.1,Entity,2,[]
0.7 GPa,0.7 GPa,Entity,2,[]
230 K,230 K,Entity,2,[]
1.011,1.011,Entity,2,[]
Z,Z,Entity,2,[]
Eu3F4,Eu3F4,Entity,2,[]
NaCl-like,NaCl-like,Entity,2,[]
+2.64(5),+2.64(5),Entity,2,[]
Mossbauer,Mossbauer,Entity,2,[]
Eu3+,Eu3+,Entity,2,[]
Bi-6px,Bi-6px,Entity,2,[]
Bi-6py,Bi-6py,Entity,2,[]
Hybridization (Bi-O-S),Hybridization (Bi-O-S),Entity,2,[]
1.5 x 10^19 cm-3,1.5 x 10^19 cm-3,Entity,2,[]
semimetallic or narrow band gap behavior,semimetallic or narrow band gap behavior,Entity,2,[]
tetragonal lattice,tetragonal lattice,Entity,2,[]
I4/mmm,I4/mmm,Entity,2,[]
a = 4.0771(1) Å,a = 4.0771(1) Å,Entity,2,[]
c = 32.4330(6) Å,c = 32.4330(6) Å,Entity,2,[]
Z = 2,Z = 2,Entity,2,[]
7.4,7.4,Entity,2,[]
30,30,Entity,2,[]
700°C,700°C,Entity,2,[]
11.1 K,11.1 K,Entity,2,[]
8.5 K,8.5 K,Entity,2,[]
Tcirr,Tcirr,Entity,2,[]
9.4 K,9.4 K,Entity,2,[]
6 kbar,6 kbar,Entity,2,[]
40-50,40-50,Entity,2,[]
1.33*10^3 A/cm2,1.33*10^3 A/cm2,Entity,2,[]
lock-in,lock-in,Entity,2,[]
Josephson vortex flow,Josephson vortex flow,Entity,2,[]
2.4-4.6 K,2.4-4.6 K,Entity,2,[]
54.63 meV,54.63 meV,Entity,2,[]
Hall measurement,Hall measurement,Entity,2,[]
Strong electron-electron correlations,Strong electron-electron correlations,Entity,2,[]
Topotactic reductive fluorination using XeF2 in the temperature range of 200 ~ 400°C,Topotactic reductive fluorination using XeF2 in the temperature range of 200 ~ 400°C,Entity,2,[]
200 ~ 400°C,200 ~ 400°C,Entity,2,[]
reaction at 400°C during topotactic fluorination,reaction at 400°C during topotactic fluorination,Entity,2,[]
"Bi2(O, F)S2","Bi2(O, F)S2",Entity,2,[]
fluorine content,fluorine content,Entity,2,[]
sharp transitions,sharp transitions,Entity,2,[]
Josephson junctions,Josephson junctions,Entity,2,[]
BiS2-PrO(F)-BiS2,BiS2-PrO(F)-BiS2,Entity,2,[]
weakly-dispersing broad hump,weakly-dispersing broad hump,Entity,2,[]
calculated band dispersion,calculated band dispersion,Entity,2,[]
Increasing temperature,Increasing temperature,Entity,2,[]
5.25K,5.25K,Entity,2,[]
3Tesla,3Tesla,Entity,2,[]
PrO0.7BiS2,PrO0.7BiS2,Entity,2,[]
470°C,470°C,Entity,2,[]
undoped Bi2OS2,undoped Bi2OS2,Entity,2,[]
Raman scattering measurements,Raman scattering measurements,Entity,2,[]
118 cm-1,118 cm-1,Entity,2,[]
Raman spectra,Raman spectra,Entity,2,[]
X-ray diffraction analysis,X-ray diffraction analysis,Entity,2,[]
c/a,c/a,Entity,2,[]
"X (π, 0)","X (π, 0)",Entity,2,[]
2.4%,2.4%,Entity,2,[]
1.1%,1.1%,Entity,2,[]
2-4 K,2-4 K,Entity,2,[]
7.5+-1 meV,7.5+-1 meV,Entity,2,[]
scanning tunneling spectroscopy,scanning tunneling spectroscopy,Entity,2,[]
16.8,16.8,Entity,2,[]
weak coupling limit,weak coupling limit,Entity,2,[]
BCS model,BCS model,Entity,2,[]
Muon-spin-spectroscopy,Muon-spin-spectroscopy,Entity,2,[]
15.3(4) kOe,15.3(4) kOe,Entity,2,[]
P1,P1,Entity,2,[]
P2,P2,Entity,2,[]
0.36,0.36,Entity,2,[]
kinetic energy part,kinetic energy part,Entity,2,[]
maximum Tc,maximum Tc,Entity,2,[]
increased,increased,Entity,2,[]
chemical potential,chemical potential,Entity,2,[]
-1.2 K GPa-1,-1.2 K GPa-1,Entity,2,[]
14.01567 Å,14.01567 Å,Entity,2,[]
semiconducting-like ground state,semiconducting-like ground state,Entity,2,[]
0.55,0.55,Entity,2,[]
temperature Tmin,temperature Tmin,Entity,2,[]
5-7 K,5-7 K,Entity,2,[]
6%,6%,Entity,2,[]
pressing direction (P1),pressing direction (P1),Entity,2,[]
higher,higher,Entity,2,[]
external pressure,external pressure,Entity,2,[]
CeO blocking layers,CeO blocking layers,Entity,2,[]
x > 0.7,x > 0.7,Entity,2,[]
2.6K,2.6K,Entity,2,[]
muon spin rotation (muSR),muon spin rotation (muSR),Entity,2,[]
muSR,muSR,Entity,2,[]
layered superconductor,layered superconductor,Entity,2,[]
13.3157 Å,13.3157 Å,Entity,2,[]
first principles band structure calculations,first principles band structure calculations,Entity,2,[]
RPA analysis,RPA analysis,Entity,2,[]
3.9 K,3.9 K,Entity,2,[]
Pt,Pt,Entity,2,[]
semiconductor-metal transition,semiconductor-metal transition,Entity,2,[]
dTc/dP=0.45/GPa,dTc/dP=0.45/GPa,Entity,2,[]
hydrostatic external or internal chemical pressure,hydrostatic external or internal chemical pressure,Entity,2,[]
2.19GPa,2.19GPa,Entity,2,[]
ground state structures,ground state structures,Entity,2,[]
Ce,Ce,Entity,2,[]
Pr,Pr,Entity,2,[]
1-2 mm-sized,1-2 mm-sized,Entity,2,[]
R element,R element,Entity,2,[]
30-60,30-60,Entity,2,[]
λ(0),λ(0),Entity,2,[]
861(17) nm,861(17) nm,Entity,2,[]
T → 0,T → 0,Entity,2,[]
κ_{0}/T,κ_{0}/T,Entity,2,[]
small residual linear term,small residual linear term,Entity,2,[]
vortex state,vortex state,Entity,2,[]
phonon instability,phonon instability,Entity,2,[]
stacking patterns,stacking patterns,Entity,2,[]
~1 meV/u.c.,~1 meV/u.c.,Entity,2,[]
high-symmetry P4/nmm structure,high-symmetry P4/nmm structure,Entity,2,[]
µSR,µSR,Entity,2,[]
ZFµSR,ZFµSR,Entity,2,[]
no magnetic anomaly,no magnetic anomaly,Entity,2,[]
λ-2,λ-2,Entity,2,[]
two-gap s-wave model,two-gap s-wave model,Entity,2,[]
∆1(0),∆1(0),Entity,2,[]
∆2(0),∆2(0),Entity,2,[]
λ(0) = 861(17) nm,λ(0) = 861(17) nm,Entity,2,[]
charge -2e Cooper pairs,charge -2e Cooper pairs,Entity,2,[]
2d Kosterlitz-Thouless superconductivity,2d Kosterlitz-Thouless superconductivity,Entity,2,[]
isotropic,isotropic,Entity,2,[]
Mott physics,Mott physics,Entity,2,[]
Cooper pair Wigner crystal,Cooper pair Wigner crystal,Entity,2,[]
decrease in disorder,decrease in disorder,Entity,2,[]
Wigner crystal,Wigner crystal,Entity,2,[]
Topological defects,Topological defects,Entity,2,[]
resonating valence bond states,resonating valence bond states,Entity,2,[]
RVB states,RVB states,Entity,2,[]
manybody states,manybody states,Entity,2,[]
competing orders,competing orders,Entity,2,[]
gap,gap,Entity,2,[]
2d Bose metal,2d Bose metal,Entity,2,[]
charge -2e valence bonds,charge -2e valence bonds,Entity,2,[]
diagonal valence bonds,diagonal valence bonds,Entity,2,[]
pressure-induced,pressure-induced,Entity,2,[]
Tc,Tc,Entity,2,[]
2.0 GPa,2.0 GPa,Entity,2,[]
\laofx,\laofx,Entity,2,[]
~ 11 K,~ 11 K,Entity,2,[]
high Tc,high Tc,Entity,2,[]
0.88 eV,0.88 eV,Entity,2,[]
0.16 eV,0.16 eV,Entity,2,[]
3.7 to 4.7K,3.7 to 4.7K,Entity,2,[]
carrier interaction,carrier interaction,Entity,2,[]
N(EF),N(EF),Entity,2,[]
1 K to 300 K,1 K to 300 K,Entity,2,[]
10.1 K,10.1 K,Entity,2,[]
maximum value,maximum value,Entity,2,[]
transition width,transition width,Entity,2,[]
delta Tc,delta Tc,Entity,2,[]
low thermal conductivity,low thermal conductivity,Entity,2,[]
HfNCl,HfNCl,Entity,2,[]
WO_3,WO_3,Entity,2,[]
diamond,diamond,Entity,2,[]
Bi_2Se_3,Bi_2Se_3,Entity,2,[]
STO/LAO interface,STO/LAO interface,Entity,2,[]
gate doped SrTiO_3,gate doped SrTiO_3,Entity,2,[]
MoS_2,MoS_2,Entity,2,[]
0.46 < n < 1.0,0.46 < n < 1.0,Entity,2,[]
tetragonal lattice structure,tetragonal lattice structure,Entity,2,[]
soft phonon modes,soft phonon modes,Entity,2,[]
phonon dispersion,phonon dispersion,Entity,2,[]
"(q, q, 0) line","(q, q, 0) line",Entity,2,[]
electron correlation,electron correlation,Entity,2,[]
rattling atoms in a cage structure,rattling atoms in a cage structure,Entity,2,[]
Bi atoms,Bi atoms,Entity,2,[]
platelet-like morphology,platelet-like morphology,Entity,2,[]
layered structure,layered structure,Entity,2,[]
25 and 50 K,25 and 50 K,Entity,2,[]
Bi6O4S4(SO4)_1-x,Bi6O4S4(SO4)_1-x,Entity,2,[]
dopant concentration,dopant concentration,Entity,2,[]
~2.75 T,~2.75 T,Entity,2,[]
110 Å,110 Å,Entity,2,[]
Hc2(ρonset),Hc2(ρonset),Entity,2,[]
log(ρ) vs. P,log(ρ) vs. P,Entity,2,[]
change in slope,change in slope,Entity,2,[]
4.3 K,4.3 K,Entity,2,[]
-0.287 K/GPa,-0.287 K/GPa,Entity,2,[]
0.435 K/GPa,0.435 K/GPa,Entity,2,[]
-0.1714 K/GPa,-0.1714 K/GPa,Entity,2,[]
initial state,initial state,Entity,2,[]
~5.3 K,~5.3 K,Entity,2,[]
doping of electron carriers to the BiS2 layer,doping of electron carriers to the BiS2 layer,Entity,2,[]
Eu by La,Eu by La,Entity,2,[]
decrease in in-plane disorder,decrease in in-plane disorder,Entity,2,[]
2.2 K,2.2 K,Entity,2,[]
+2.16(1),+2.16(1),Entity,2,[]
+2.05(1),+2.05(1),Entity,2,[]
reduction,reduction,Entity,2,[]
oxygen intercalation,oxygen intercalation,Entity,2,[]
Density-functional perturbation theory with structural optimization,Density-functional perturbation theory with structural optimization,Entity,2,[]
9.1 K,9.1 K,Entity,2,[]
BiS2-based layered structures,BiS2-based layered structures,Entity,2,[]
a and c,a and c,Entity,2,[]
single crystal X-ray diffraction,single crystal X-ray diffraction,Entity,2,[]
electron probe microanalysis,electron probe microanalysis,Entity,2,[]
"La(O,F)BiS2","La(O,F)BiS2",Entity,2,[]
x = 0.2-0.5,x = 0.2-0.5,Entity,2,[]
vertical directions,vertical directions,Entity,2,[]
distance,distance,Entity,2,[]
"pair scattering with a ""local"" character in k-space","pair scattering with a ""local"" character in k-space",Entity,2,[]
A weak-coupling RPA analysis of a minimal 2-orbital model,A weak-coupling RPA analysis of a minimal 2-orbital model,Entity,2,[]
anharmonic ferroelectric soft phonons,anharmonic ferroelectric soft phonons,Entity,2,[]
10 μC/cm^2,10 μC/cm^2,Entity,2,[]
ferroelectric,ferroelectric,Entity,2,[]
anharmonic ferroelectric mode,anharmonic ferroelectric mode,Entity,2,[]
configurational disorder,configurational disorder,Entity,2,[]
higher in-plane chemical pressure,higher in-plane chemical pressure,Entity,2,[]
1,1,Entity,2,[]
susceptibility ?(T) measurements,susceptibility ?(T) measurements,Entity,2,[]
local minimum,local minimum,Entity,2,[]
Increasing pressure,Increasing pressure,Entity,2,[]
oxygen,oxygen,Entity,2,[]
electrons,electrons,Entity,2,[]
rock-salt-type Pb-rich sulfide layers,rock-salt-type Pb-rich sulfide layers,Entity,2,[]
LaOBiS2-type Bi-rich layers,LaOBiS2-type Bi-rich layers,Entity,2,[]
Band calculations,Band calculations,Entity,2,[]
Hybridization of S bands and Bi bands at Fermi energy,Hybridization of S bands and Bi bands at Fermi energy,Entity,2,[]
rock-salt type sulfide (chalcogenide) layers,rock-salt type sulfide (chalcogenide) layers,Entity,2,[]
0.10,0.10,Entity,2,[]
0<x<0.2,0<x<0.2,Entity,2,[]
x<0.1,x<0.1,Entity,2,[]
no change,no change,Entity,2,[]
αSe,αSe,Entity,2,[]
phonons,phonons,Entity,2,[]
sulfur atoms,sulfur atoms,Entity,2,[]
Bi,Bi,Entity,2,[]
Pb,Pb,Entity,2,[]
Structural refinements,Structural refinements,Entity,2,[]
divalent,divalent,Entity,2,[]
13.362(4) Å,13.362(4) Å,Entity,2,[]
magnetic and transport measurements,magnetic and transport measurements,Entity,2,[]
3.1K,3.1K,Entity,2,[]
Electrical transport measurements,Electrical transport measurements,Entity,2,[]
heat capacity measurement,heat capacity measurement,Entity,2,[]
2.1K,2.1K,Entity,2,[]
c = 19.412(1) Å,c = 19.412(1) Å,Entity,2,[]
TEM,TEM,Entity,2,[]
annealing in oxygen condition,annealing in oxygen condition,Entity,2,[]
deintercalation of excess Fe,deintercalation of excess Fe,Entity,2,[]
annealing in acid,annealing in acid,Entity,2,[]
lattice change,lattice change,Entity,2,[]
x = 0.2 ~ 0.7,x = 0.2 ~ 0.7,Entity,2,[]
phase diagram,phase diagram,Entity,2,[]
ZrCuSiAs type structure,ZrCuSiAs type structure,Entity,2,[]
4.015(5) Å,4.015(5) Å,Entity,2,[]
nematic states,nematic states,Entity,2,[]
S = -25 μV/K,S = -25 μV/K,Entity,2,[]
EuF,EuF,Entity,2,[]
band gap,band gap,Entity,2,[]
BiS2-based systems,BiS2-based systems,Entity,2,[]
in-plane S1 site,in-plane S1 site,Entity,2,[]
increase in DSmix,increase in DSmix,Entity,2,[]
NdO layers,NdO layers,Entity,2,[]
"La, Ce, Pr, and Nd","La, Ce, Pr, and Nd",Entity,2,[]
Decrease of RE3+ ionic radius,Decrease of RE3+ ionic radius,Entity,2,[]
S1 sites,S1 sites,Entity,2,[]
chalcogen sites,chalcogen sites,Entity,2,[]
BiCh2-based superconductors,BiCh2-based superconductors,Entity,2,[]
S1 (or Ch1),S1 (or Ch1),Entity,2,[]
a = 4.0644(1) Å,a = 4.0644(1) Å,Entity,2,[]
four-fold symmetry,four-fold symmetry,Entity,2,[]
ρ=0,ρ=0,Entity,2,[]
LaOBiS2-type,LaOBiS2-type,Entity,2,[]
rock-salt-type,rock-salt-type,Entity,2,[]
CDW transition,CDW transition,Entity,2,[]
non-fluorinated La0.80Ti0.20OBiS_2,non-fluorinated La0.80Ti0.20OBiS_2,Entity,2,[]
2.9 K,2.9 K,Entity,2,[]
3.2-3.7 K,3.2-3.7 K,Entity,2,[]
T_c,T_c,Entity,2,[]
electron-like carriers,electron-like carriers,Entity,2,[]
Ag doping,Ag doping,Entity,2,[]
density of states at EF,density of states at EF,Entity,2,[]
small,small,Entity,2,[]
0.3%,0.3%,Entity,2,[]
semiconducting LaO0.5F0.5BiS2,semiconducting LaO0.5F0.5BiS2,Entity,2,[]
4.0703(5)Å,4.0703(5)Å,Entity,2,[]
13.3902(4)Å,13.3902(4)Å,Entity,2,[]
26,26,Entity,2,[]
layered superconducting systems,layered superconducting systems,Entity,2,[]
enhancement of two-dimensionality,enhancement of two-dimensionality,Entity,2,[]
diamagnetism,diamagnetism,Entity,2,[]
12 T,12 T,Entity,2,[]
0.34 T,0.34 T,Entity,2,[]
35 T,35 T,Entity,2,[]
0.78 T,0.78 T,Entity,2,[]
"CeO(Bi, Sb)S2","CeO(Bi, Sb)S2",Entity,2,[]
Ce4+ ion concentrations,Ce4+ ion concentrations,Entity,2,[]
0.8×0.8×0.2 mm3,0.8×0.8×0.2 mm3,Entity,2,[]
1.9 K,1.9 K,Entity,2,[]
flat-shaped,flat-shaped,Entity,2,[]
500 μm,500 μm,Entity,2,[]
3.9672(4) Å,3.9672(4) Å,Entity,2,[]
13.417(6) Å,13.417(6) Å,Entity,2,[]
local structure,local structure,Entity,2,[]
carrier doping level,carrier doping level,Entity,2,[]
Sb- and Se-substituted CeOBiS2,Sb- and Se-substituted CeOBiS2,Entity,2,[]
0.18,0.18,Entity,2,[]
0.45,0.45,Entity,2,[]
0.15-0.30,0.15-0.30,Entity,2,[]
more than approximately 4 atomic percent,more than approximately 4 atomic percent,Entity,2,[]
approximately 4 atomic percent,approximately 4 atomic percent,Entity,2,[]
stacking of BiS2 superconducting layers and spacer layers,stacking of BiS2 superconducting layers and spacer layers,Entity,2,[]
≥ 0.5,≥ 0.5,Entity,2,[]
13.4 %,13.4 %,Entity,2,[]
stacking of Bi4O4(SO4)1-x and Bi2S4 layers,stacking of Bi4O4(SO4)1-x and Bi2S4 layers,Entity,2,[]
parent compound,parent compound,Entity,2,[]
Bi3+,Bi3+,Entity,2,[]
BiS2 layer,BiS2 layer,Entity,2,[]
Bi 6p orbital,Bi 6p orbital,Entity,2,[]
10.0-10.8 K,10.0-10.8 K,Entity,2,[]
higher pressures,higher pressures,Entity,2,[]
REO0.0.5F0.5BiS2,REO0.0.5F0.5BiS2,Entity,2,[]
6 K,6 K,Entity,2,[]
structural transition to monoclinic,structural transition to monoclinic,Entity,2,[]
packing density,packing density,Entity,2,[]
partially substituting La by the smaller Sm ion,partially substituting La by the smaller Sm ion,Entity,2,[]
y = 0.8,y = 0.8,Entity,2,[]
240 K,240 K,Entity,2,[]
100 K,100 K,Entity,2,[]
0-1.0,0-1.0,Entity,2,[]
0.4,0.4,Entity,2,[]
3.0 K,3.0 K,Entity,2,[]
electron doping concentration,electron doping concentration,Entity,2,[]
2.1-2.7 K,2.1-2.7 K,Entity,2,[]
2.5-2.8 K,2.5-2.8 K,Entity,2,[]
XAFS spectroscopy,XAFS spectroscopy,Entity,2,[]
50 GPa,50 GPa,Entity,2,[]
applied current density,applied current density,Entity,2,[]
Ce3+,Ce3+,Entity,2,[]
Ce4+,Ce4+,Entity,2,[]
0.0 and 0.5,0.0 and 0.5,Entity,2,[]
low- and high-P phases,low- and high-P phases,Entity,2,[]
340 K,340 K,Entity,2,[]
35,35,Entity,2,[]
45,45,Entity,2,[]
two times smaller,two times smaller,Entity,2,[]
mixed-valence Ce ions,mixed-valence Ce ions,Entity,2,[]
Ce3+/Ce4+,Ce3+/Ce4+,Entity,2,[]
Ce-substituted Nd1-xCexOBiS2,Ce-substituted Nd1-xCexOBiS2,Entity,2,[]
0.5-1.0 mm,0.5-1.0 mm,Entity,2,[]
X-ray absorption fine structure spectroscopy,X-ray absorption fine structure spectroscopy,Entity,2,[]
pressure effects,pressure effects,Entity,2,[]
pairing mechanisms,pairing mechanisms,Entity,2,[]
32S,32S,Entity,2,[]
34S,34S,Entity,2,[]
-0.1 < aS < 0.1,-0.1 < aS < 0.1,Entity,2,[]
isotope mass,isotope mass,Entity,2,[]
two-fold symmetric,two-fold symmetric,Entity,2,[]
four-fold-symmetric anisotropy,four-fold-symmetric anisotropy,Entity,2,[]
30-45,30-45,Entity,2,[]
7 K,7 K,Entity,2,[]
2D-like topology,2D-like topology,Entity,2,[]
kz direction,kz direction,Entity,2,[]
3.25,3.25,Entity,2,[]
mixed-valence state,mixed-valence state,Entity,2,[]
Two-fold symmetric in-plane anisotropy of magnetoresistance,Two-fold symmetric in-plane anisotropy of magnetoresistance,Entity,2,[]
conventional-type,conventional-type,Entity,2,[]
F ~ 0.5,F ~ 0.5,Entity,2,[]
3.2 K,3.2 K,Entity,2,[]
270 K,270 K,Entity,2,[]
below 270 K,below 270 K,Entity,2,[]
1.9 µW/cmK2,1.9 µW/cmK2,Entity,2,[]
MT-curve,MT-curve,Entity,2,[]
Electrical transport measurement,Electrical transport measurement,Entity,2,[]
1.2Tesla,1.2Tesla,Entity,2,[]
y = 1.0,y = 1.0,Entity,2,[]
paramagnetic,paramagnetic,Entity,2,[]
Sm ion,Sm ion,Entity,2,[]
La site,La site,Entity,2,[]
4.5 μW/cmK2,4.5 μW/cmK2,Entity,2,[]
partial substitution of S by Se,partial substitution of S by Se,Entity,2,[]
increasing Se concentration,increasing Se concentration,Entity,2,[]
Se atoms,Se atoms,Entity,2,[]
electronic system,electronic system,Entity,2,[]
a = 4.1110(2) Å,a = 4.1110(2) Å,Entity,2,[]
c = 13.6010(7) Å,c = 13.6010(7) Å,Entity,2,[]
lattice system,lattice system,Entity,2,[]
apical site,apical site,Entity,2,[]
thermal expansion anomalies,thermal expansion anomalies,Entity,2,[]
34-35,34-35,Entity,2,[]
mixed valence of Ce ions,mixed valence of Ce ions,Entity,2,[]
lower temperatures,lower temperatures,Entity,2,[]
~310 kOe,~310 kOe,Entity,2,[]
~100 Å,~100 Å,Entity,2,[]
4.07 K,4.07 K,Entity,2,[]
lattice structure,lattice structure,Entity,2,[]
0.2-0.6,0.2-0.6,Entity,2,[]
3.1 K,3.1 K,Entity,2,[]
0.08,0.08,Entity,2,[]
single gap s-wave equation,single gap s-wave equation,Entity,2,[]
gap ratio,gap ratio,Entity,2,[]
2Δ0=7.2kBTc,2Δ0=7.2kBTc,Entity,2,[]
16.6,16.6,Entity,2,[]
strong coupling superconductivity,strong coupling superconductivity,Entity,2,[]
4.4K,4.4K,Entity,2,[]
~39 Oe,~39 Oe,Entity,2,[]
R=0,R=0,Entity,2,[]
0.3 to 0.8,0.3 to 0.8,Entity,2,[]
tunnel diode oscillator technique,tunnel diode oscillator technique,Entity,2,[]
s-wave,s-wave,Entity,2,[]
fully developed gap,fully developed gap,Entity,2,[]
1.54 meV,1.54 meV,Entity,2,[]
7.2,7.2,Entity,2,[]
single gap s-wave model,single gap s-wave model,Entity,2,[]
0.5Tc,0.5Tc,Entity,2,[]
5000 cm<sup>-1</sup>,5000 cm<sup>-1</sup>,Entity,2,[]
First-principles calculations,First-principles calculations,Entity,2,[]
3.7 K,3.7 K,Entity,2,[]
a and c axes,a and c axes,Entity,2,[]
As-grown,As-grown,Entity,2,[]
Sb for Bi,Sb for Bi,Entity,2,[]
8 T,8 T,Entity,2,[]
Bi-S plane,Bi-S plane,Entity,2,[]
five times larger,five times larger,Entity,2,[]
negative in sign,negative in sign,Entity,2,[]
slightly smaller in magnitude,slightly smaller in magnitude,Entity,2,[]
x = 0.5 - 1.0,x = 0.5 - 1.0,Entity,2,[]
0.5 - 1.0,0.5 - 1.0,Entity,2,[]
z = 0 - 0.8,z = 0 - 0.8,Entity,2,[]
z = 0.8,z = 0.8,Entity,2,[]
c/a = 3.39,c/a = 3.39,Entity,2,[]
8 K,8 K,Entity,2,[]
5 mohmcm,5 mohmcm,Entity,2,[]
room temperature,room temperature,Entity,2,[]
-20 microV/K,-20 microV/K,Entity,2,[]
1.5 W/Km,1.5 W/Km,Entity,2,[]
negative,negative,Entity,2,[]
-10^-8 m3/C,-10^-8 m3/C,Entity,2,[]
positive,positive,Entity,2,[]
10.5K,10.5K,Entity,2,[]
3.5,3.5,Entity,2,[]
7.8K,7.8K,Entity,2,[]
7.5K,7.5K,Entity,2,[]
a = 4.1408(2) Å,a = 4.1408(2) Å,Entity,2,[]
c = 14.1096(6) Å,c = 14.1096(6) Å,Entity,2,[]
flatten,flatten,Entity,2,[]
2.5 K,2.5 K,Entity,2,[]
